focus_group,expectations,processed_text
BAA Supervisors & Admin Aide,Automate tickets,Automate tickets
BAA Supervisors & Admin Aide,Link all tickets/complaints for a property of house owner,Link all tickets/complaints for a property of house owner
BAA Supervisors & Admin Aide,Limit to the ones used,Limit to the ones used
BAA Supervisors & Admin Aide,Linked cases is biggest,Linked cases is biggest
BAA Supervisors & Admin Aide,Case note button on top with actions and inspections so wouldn’t have to scroll,Case note button on top with actions and inspections so wouldn’t have to scroll
BAA Supervisors & Admin Aide,BAA inspections different color from codes,BAA inspections different color from codes
BAA Supervisors & Admin Aide,revamp actions,revamp actions
BAA Supervisors & Admin Aide,Putting notes in uniform manner,Putting notes in uniform manner
DOCE Building Inspectors,Make sure we have the most current information,Make sure we have the most current information
DOCE Building Inspectors,Make sure we have the most current address,Make sure we have the most current address
DOCE Building Inspectors,Better communication,Better communication
DOCE Building Inspectors,Sprinkler system reports & elevator reports – access to them at least,Sprinkler system reports & elevator reports – access to them at least
DOCE Building Inspectors,Tablets that are faster,Tablets that are faster
DOCE Building Inspectors,Communication within departments,Communication within departments
DOCE Building Inspectors,Apps on iPhone,Apps on iPhone
DOCE Building Inspectors,Single system,Single system
DOCE Building Inspectors,Single system,Single system
DOCE Building Inspectors,The same as AS400.,The same as AS400.
DOCE Building Inspectors,If it could hold everything I need.,If it could hold everything I need.
DOCE Building Inspectors,Have a note that says pass instead calling permits,Have a note that says pass instead calling permits
DOCE Building Inspectors,Have that in IPS,Have that in IPS
DOCE Building Inspectors,Just elevator certificate,Just elevator certificate
CPC,BAA update timely,BAA update timely
CPC,User updates,User updates
CPC,"At a glance status of properties – RR renewal date, same for CofU, CofC, VPR.","At a glance status of properties – RR renewal date, same for CofU, CofC, VPR."
CPC,Maybe a tab just for BAA violation ticket and not mixed in with the warning and everything else,Maybe a tab just for BAA violation ticket and not mixed in with the warning and everything else
CPC,The information IPS has is good but just a tab for violation ticket separate for all the warning and image would make things easier,The information IPS has is good but just a tab for violation ticket separate for all the warning and image would make things easier
CPC,Can the IPS software automatically add the late fees to all existing code violations to avoid incorrect information being recorded or provided to the customer.,Can the IPS software automatically add the late fees to all existing code violations to avoid incorrect information being recorded or provided to the customer.
CPC,Can the violation and BAA ticket be different and not so identical for easy processing purpose and not to confuse everyone involved.,Can the violation and BAA ticket be different and not so identical for easy processing purpose and not to confuse everyone involved.
CPC,I could help update when I see some that could be closed,I could help update when I see some that could be closed
CPC,Maybe its my computer,Maybe its my computer
CPC,Add one more search function,Add one more search function
CPC,"After searching by owner name or address, if the list of violations could show the amount owed. It would save more time opening each violations.","After searching by owner name or address, if the list of violations could show the amount owed. It would save more time opening each violations."
CPC,Businesses on system should also list owner’s / responsible party name,Businesses on system should also list owner’s / responsible party name
CPC,System could automatically duplicate email address + phone for every account on system once completed for one account manually,System could automatically duplicate email address + phone for every account on system once completed for one account manually
CPC,Recode items which have current money owed to a “Red dot“ instead of purple or green so it stands out and would eliminate need to double click each entry.,Recode items which have current money owed to a “Red dot“ instead of purple or green so it stands out and would eliminate need to double click each entry.
CPC,AS400 – water,AS400 – water
CPC,Need to duplicate password entry,Need to duplicate password entry
DOCE Central Permit Office,One database that stores and allows /facilitates application progress,One database that stores and allows /facilitates application progress
DOCE Central Permit Office,Improve documentation capabilities,Improve documentation capabilities
DOCE Central Permit Office,Ideally it would be aide to someone integrate with camino.,Ideally it would be aide to someone integrate with camino.
DOCE Central Permit Office,I think from codes perspective the information is scattered,I think from codes perspective the information is scattered
DOCE Central Permit Office,"Eg. Ideally, If IPS could integrate with Camino if a violation were in the system it could trigger an alert in camino on app>","Eg. Ideally, If IPS could integrate with Camino if a violation were in the system it could trigger an alert in camino on app>"
DOCE CPO Coordinators,One system for everything,One system for everything
DOCE CPO Coordinators,Get rid of Camino!,Get rid of Camino!
DOCE CPO Coordinators,"Customized certificates, simpler case management, more efficient expiration/renewal notification so report isn’t needed, automatic renewal letters sent to a queue?","Customized certificates, simpler case management, more efficient expiration/renewal notification so report isn’t needed, automatic renewal letters sent to a queue?"
DOCE CPO Coordinators,Migrate list (tracking) out of IPS (this can be an excel file),Migrate list (tracking) out of IPS (this can be an excel file)
DOCE CPO Coordinators,Online system to schedule inspections (already used elsewhere),Online system to schedule inspections (already used elsewhere)
DOCE CPO Coordinators,Some owners have numerous accounts in IPS,Some owners have numerous accounts in IPS
DOCE Admin Aides,autofill from linked outlook and IPS modules,autofill from linked outlook and IPS modules
DOCE Admin Aides,Same format throughout,Same format throughout
DOCE Admin Aides,"Search in address book would populate all associated properties complaints, violations","Search in address book would populate all associated properties complaints, violations"
DOCE Admin Aides,More detailed preview,More detailed preview
DOCE Admin Aides,Faster processing speed or more data for the software to run smoothly so it doesn’t crash often,Faster processing speed or more data for the software to run smoothly so it doesn’t crash often
DOCE Admin Aides,Making it so we can seek the names alphabetically or programming it to do so,Making it so we can seek the names alphabetically or programming it to do so
DOCE Admin Aides,Adding Rent Hold / Rent Release as option for all cases since some case types doesn’t list them,Adding Rent Hold / Rent Release as option for all cases since some case types doesn’t list them
DOCE Admin Aides,"If there was more organization in the periodic inspection table, there are too many unused options and the list is random","If there was more organization in the periodic inspection table, there are too many unused options and the list is random"
DOCE Fire Prevention Bureau,IPS on mobile devices. Real time inspection reports and documentation. Integrate IPS violations into other Fire Department functions,IPS on mobile devices. Real time inspection reports and documentation. Integrate IPS violations into other Fire Department functions
DOCE Fire Prevention Bureau,Import information like exact CO and capacity available without digging,Import information like exact CO and capacity available without digging
DOCE Fire Prevention Bureau,Have a more profound way of finding information,Have a more profound way of finding information
DOCE Fire Prevention Bureau,Make it one way to document different people do thing differently and put in different places,Make it one way to document different people do thing differently and put in different places
DOCE Fire Prevention Bureau,Fix this! Make sure they are active in IPS,Fix this! Make sure they are active in IPS
DOCE Housing Inspectors,I have no idea; I am not sure why IPS has lapses so I am not sure how to improve/fix,I have no idea; I am not sure why IPS has lapses so I am not sure how to improve/fix
DOCE Housing Inspectors,Make it so it’s to a scroll to choose and action,Make it so it’s to a scroll to choose and action
DOCE Housing Inspectors,Make an action that saves clicks,Make an action that saves clicks
DOCE Housing Inspectors,Make a case label for drive by/calls/waiting for owner,Make a case label for drive by/calls/waiting for owner
DOCE Housing Inspectors,Case could tell you when you open it if it is in high risk area,Case could tell you when you open it if it is in high risk area
DOCE Housing Inspectors,"If it could get water /lead information, it would save a lot of time. Only a couple of people have access to AS400, so it is annoying","If it could get water /lead information, it would save a lot of time. Only a couple of people have access to AS400, so it is annoying"
DOCE Housing Inspectors,Batch violation numbers when saved,Batch violation numbers when saved
DOCE Housing Inspectors,Ability to add custom shortcuts,Ability to add custom shortcuts
DOCE Housing Inspectors,Create a global address book,Create a global address book
DOCE Housing Inspectors,Eliminate unneeded actions i.e. (BAA Ticket Rounds),Eliminate unneeded actions i.e. (BAA Ticket Rounds)
DOCE Housing Inspectors,Stats,Stats
DOCE Housing Inspectors,Cases without inspection date,Cases without inspection date
DOCE Housing Inspectors,Cases set to “needs review”,Cases set to “needs review”
DOCE Housing Inspectors,(IT or IPS focus),(IT or IPS focus)
DOCE Housing Inspectors,Bring back laptops so we can update cases in field,Bring back laptops so we can update cases in field
DOCE Housing Inspectors,Issues connecting to IPS remotely,Issues connecting to IPS remotely
Law,The format makes it hard to read everything at once,The format makes it hard to read everything at once
Law,Integrate water records into recordkeeping tools,Integrate water records into recordkeeping tools
Law,Require confirmation that documents were uploaded and work was done,Require confirmation that documents were uploaded and work was done
Law,Make overview reports available for properties,Make overview reports available for properties
Law,Compatibility with office,Compatibility with office
Law,More disciplinary entry of notes and documents,More disciplinary entry of notes and documents
Law,Ability for IPS information to be transferred to MS word,Ability for IPS information to be transferred to MS word
NBD Data Team,"Process mapping & SOPS, system training & support","Process mapping & SOPS, system training & support"
NBD Data Team,Imporved case management tools for users: ability to finding upcoming unclosed so routes can be planned more ethuinituly,Imporved case management tools for users: ability to finding upcoming unclosed so routes can be planned more ethuinituly
NBD Data Team,"High level front-end reporting capabilities for leadership – compliance, on building block log cases, time to resolve, cases infor updates in x makes, etc","High level front-end reporting capabilities for leadership – compliance, on building block log cases, time to resolve, cases infor updates in x makes, etc"
NBD Data Team,Direct scheduling for applicants! Ontwok integration,Direct scheduling for applicants! Ontwok integration
NBD Data Team,"Usability or monthly quick links to other systems – AS400, Camino","Usability or monthly quick links to other systems – AS400, Camino"
NBD Data Team,Have cleaner sorting and filtering features within a parcel,Have cleaner sorting and filtering features within a parcel
NBD Data Team,Add insert / update / delete functionality,Add insert / update / delete functionality
NBD Data Team,Have them be a component of main parcel?,Have them be a component of main parcel?
NBD Data Team,Easier way to modify violations.,Easier way to modify violations.
NBD Data Team,For sorting and categorizing,For sorting and categorizing
NBD Data Team,Updating IPS through SQL,Updating IPS through SQL
NBD Data Team,Easier complaint search on parcel view,Easier complaint search on parcel view
NBD Data Team,Violations summary & units affected,Violations summary & units affected
NBD Data Team,"Being able to post to the database (eg, to flag a batch of parcels as vacant once a week)","Being able to post to the database (eg, to flag a batch of parcels as vacant once a week)"
NBD Data Team,"More robust automation or scripting possibilities, so that more updates or QA/QC can be automated","More robust automation or scripting possibilities, so that more updates or QA/QC can be automated"
NBD Data Team,"Allow for if this then that bridges between programs, integrations with a CRM or GIS software, etc","Allow for if this then that bridges between programs, integrations with a CRM or GIS software, etc"
NBD Data Team,"I’m not sure the best improvement here, but tracking residential units and which complaint goes to which unit is so frustrating","I’m not sure the best improvement here, but tracking residential units and which complaint goes to which unit is so frustrating"
NBD Data Team,The ability to configure validation for different data fields,The ability to configure validation for different data fields
NBD Data Team,I want better documentation for the database. We don’t have any robust EO diagrams!,I want better documentation for the database. We don’t have any robust EO diagrams!
NBD Data Team,"Please, let’s have modern scripting options (eg, Python not Visual Basic; posting to the database)","Please, let’s have modern scripting options (eg, Python not Visual Basic; posting to the database)"
NBD Data Team,"If the new software could integrate with Esri, a contact management software (like Salesforce), or other tools, we could accomplish so much more","If the new software could integrate with Esri, a contact management software (like Salesforce), or other tools, we could accomplish so much more"
NBD Neighborhood Planning,Might be a bug,Might be a bug
NBD Neighborhood Planning,A drop down for ERP referrals to indicate where the referral came,A drop down for ERP referrals to indicate where the referral came
NBD Neighborhood Planning,Build system with drop down selection of where the referred came from to start documenting which agency placed them.,Build system with drop down selection of where the referred came from to start documenting which agency placed them.
NBD Neighborhood Planning,Something tangible that can get auto emailed to ambassadors,Something tangible that can get auto emailed to ambassadors
NBD Neighborhood Planning,Geographic viewing of addresses nearby.,Geographic viewing of addresses nearby.
NBD Neighborhood Planning,Data sharing / backend access with county,Data sharing / backend access with county
NBD Neighborhood Planning,Ways to mass enter data not through Hamer,Ways to mass enter data not through Hamer
NBD Neighborhood Planning,"eTax, IPS, AS400, Camino, etc. Too many to consolidate. Should be easier to access information from standard site","eTax, IPS, AS400, Camino, etc. Too many to consolidate. Should be easier to access information from standard site"
NBD Neighborhood Planning,"Old permit information hasn’t been transferred. They’ve stopped storing insurances, surveys need better record storage","Old permit information hasn’t been transferred. They’ve stopped storing insurances, surveys need better record storage"
NBD Neighborhood Planning,Something NBD/Law /Finance can all use,Something NBD/Law /Finance can all use
DOCE Office Staff,"I can complete my function by only opening one case at a time, but it slows me down","I can complete my function by only opening one case at a time, but it slows me down"
DOCE Office Staff,"The way ownership and previous ownership in relation in relation to “agents” “business contact”, etc. With a case (not parcel) is often messed up:","The way ownership and previous ownership in relation in relation to “agents” “business contact”, etc. With a case (not parcel) is often messed up:"
DOCE Office Staff,"Because if sometimes doesn’t take an update,","Because if sometimes doesn’t take an update,"
DOCE Office Staff,Can't tell who is connected to who,Can't tell who is connected to who
DOCE Office Staff,Remove tab because it has nothing to do with us,Remove tab because it has nothing to do with us
DOCE Office Staff,Make it still “checkable” but have address remain updated,Make it still “checkable” but have address remain updated
DOCE Office Staff,Ensure this information can be automatically put into new cases so it is not forgotten,Ensure this information can be automatically put into new cases so it is not forgotten
DOCE Office Staff,"Making sure “department”, “status” or either status in IPS are not holding up BAA referrals.","Making sure “department”, “status” or either status in IPS are not holding up BAA referrals."
DOCE Office Staff,Water & Tax records for periodic inspections,Water & Tax records for periodic inspections
DOCE CommercialPermitElectrical Inspectors,Consolidate to functioning system,Consolidate to functioning system
DOCE CommercialPermitElectrical Inspectors,In field timely acces: to information and modification of cases,In field timely acces: to information and modification of cases
DOCE CommercialPermitElectrical Inspectors,Have camino and outlook talk to each other,Have camino and outlook talk to each other
DOCE CommercialPermitElectrical Inspectors,Use IPS when permit is pulled,Use IPS when permit is pulled
DOCE CommercialPermitElectrical Inspectors,Get rid of it,Get rid of it
DOCE CommercialPermitElectrical Inspectors,Get rid of it,Get rid of it
DOCE CommercialPermitElectrical Inspectors,Get rid of it,Get rid of it
DOCE CommercialPermitElectrical Inspectors,Add a tickle date option to the system,Add a tickle date option to the system
DOCE CommercialPermitElectrical Inspectors,IPS works better than Camino,IPS works better than Camino
DOCE CommercialPermitElectrical Inspectors,Hiring qualified people and train them,Hiring qualified people and train them
DOCE Zoning,Data migration to one system for historical records.,Data migration to one system for historical records.
DOCE Zoning,Digitization of all records timely,Digitization of all records timely
DOCE Zoning,Enterprise wide GIS system,Enterprise wide GIS system
DOCE Zoning,See notes from my code enforcement worksheet - Jake,See notes from my code enforcement worksheet - Jake
DOCE Zoning,More regular updates to speadsheet,More regular updates to speadsheet
DOCE Zoning,"The items not on IPS or OnBase, if not in basement file, can’t be found","The items not on IPS or OnBase, if not in basement file, can’t be found"
DOCE Zoning,More files uploaded / transferred to IPS,More files uploaded / transferred to IPS
DOCE Zoning,Change workflow,Change workflow
DOCE Zoning,Dedicated person,Dedicated person
DOCE Zoning,Onboarding training (competative),Onboarding training (competative)
DOCE Zoning,Making the code more accessible or encouraging email communications rather than calling,Making the code more accessible or encouraging email communications rather than calling
DOCE Zoning,"I wish all previous things that are in OnBase were in IPS. So, I didn’t have to switch between those often","I wish all previous things that are in OnBase were in IPS. So, I didn’t have to switch between those often"
DOCE Supervisors,Consolidate /merge data and information,Consolidate /merge data and information
DOCE Supervisors,?,?
DOCE Supervisors,"Migration to one place (microfrch, scans, shared drives, etc.)","Migration to one place (microfrch, scans, shared drives, etc.)"
DOCE Supervisors,Artificial Intelligence,Artificial Intelligence
DOCE Supervisors,"Connection to enterprise-wide GIS at the county level, since we are parcel based (legal basis for Code Enforcement Activity)","Connection to enterprise-wide GIS at the county level, since we are parcel based (legal basis for Code Enforcement Activity)"
DOCE Supervisors,Better reporting,Better reporting
DOCE Supervisors,?,?
DOCE Supervisors,Not sure.,Not sure.
DOCE Supervisors,?,?
DOCE Supervisors,"Improve UI for parcel history, have data from Camino (permits) and other databases inputted into central database.","Improve UI for parcel history, have data from Camino (permits) and other databases inputted into central database."
DOCE Supervisors,"Some addresses on the property are not the same in assessment records, so contractors get frsutrated","Some addresses on the property are not the same in assessment records, so contractors get frsutrated"
DOCE Supervisors,Central software for all Code,Central software for all Code
Assessment,"As far as current use of IPS – don't know what we don’t know. Before today, didn’t know Rental Registry was in there. Didn’t have a comprehensive training. Haven’t gone down rabbit hole of looking at fines. Knowing what houses have stop work orders is helpful – that would be helpful","As far as current use of IPS – don't know what we don’t know. Before today, didn’t know Rental Registry was in there. Didn’t have a comprehensive training. Haven’t gone down rabbit hole of looking at fines. Knowing what houses have stop work orders is helpful – that would be helpful"
Assessment,Share stop work order map*,Share stop work order map*
Assessment,He would be curious to know of all the stop work orders how many go an obtain a permit?,He would be curious to know of all the stop work orders how many go an obtain a permit?
Assessment,Would be interested to know of everyone that has a stop work order,Would be interested to know of everyone that has a stop work order
Assessment,Do sometimes look at real estate listings – may say kitchen has been remodeled or refinished basement – will say assessor doesn’t know right in the listing,Do sometimes look at real estate listings – may say kitchen has been remodeled or refinished basement – will say assessor doesn’t know right in the listing
Assessment,Would be easier if IPS has building permits – forced to learn new system – Ann completely depends on Joe for look ups in Camino – if we could go to one system and see everything that would be helpful,Would be easier if IPS has building permits – forced to learn new system – Ann completely depends on Joe for look ups in Camino – if we could go to one system and see everything that would be helpful
Assessment,IPS intuitive from their perspective,IPS intuitive from their perspective
Assessment,If they could find resubs maps easier – user issue more than anything,If they could find resubs maps easier – user issue more than anything
BAA ALJs,"Too many windows – better layout, user interface could be more intuitive. Maybe part of that is an adjudication specific module could help","Too many windows – better layout, user interface could be more intuitive. Maybe part of that is an adjudication specific module could help"
BAA ALJs,Admin Aides and interns to do tracking to confirm service – ability to enter tracking number on each ticket and timer to set for 30 days – check tracking at USPS website and change status to yes serve and attach confirmation – ability to automate,Admin Aides and interns to do tracking to confirm service – ability to enter tracking number on each ticket and timer to set for 30 days – check tracking at USPS website and change status to yes serve and attach confirmation – ability to automate
BAA ALJs,AIMS – way to send decisions via email to registered owner,AIMS – way to send decisions via email to registered owner
BAA ALJs,MS Teams invite – sometimes issues with,MS Teams invite – sometimes issues with
BAA ALJs,Email directly from application would be nice,Email directly from application would be nice
BAA ALJs,Save email as an attachment automatically – lives in case – records when contact happened,Save email as an attachment automatically – lives in case – records when contact happened
BAA ALJs,"Manually record everything – ability for application record, download and save the hearings","Manually record everything – ability for application record, download and save the hearings"
BAA ALJs,"Codes inspectors are out in the field for long periods of times, checking on multiple properties throughout the day – don't always upload notes onto IPS – makes it difficult to know what’s going on. Need to be on network with IPS","Codes inspectors are out in the field for long periods of times, checking on multiple properties throughout the day – don't always upload notes onto IPS – makes it difficult to know what’s going on. Need to be on network with IPS"
BAA ALJs,"Way to have secure app with SSO for Codes to use on phones – if they need to upload photos or notes, they can do it on demand","Way to have secure app with SSO for Codes to use on phones – if they need to upload photos or notes, they can do it on demand"
BAA ALJs,So they don’t need to come back to the office at end of the day and do that,So they don’t need to come back to the office at end of the day and do that
BAA ALJs,Internal purposes – automatic tracking for USPS,Internal purposes – automatic tracking for USPS
BAA ALJs,The fact that something says delivered or not – not evidence that,The fact that something says delivered or not – not evidence that
BAA ALJs,"May need real human being to double check that, but getting receipts","May need real human being to double check that, but getting receipts"
BAA ALJs,Web of ownership not always as easy to unravel – but would be nice to extent possible we could see what ownership is,Web of ownership not always as easy to unravel – but would be nice to extent possible we could see what ownership is
BAA ALJs,Retain – color code is a good thing,Retain – color code is a good thing
BAA ALJs,By department and action,By department and action
BAA ALJs,Inspection vs violations vs actions,Inspection vs violations vs actions
BAA ALJs,IPS tells you which user to make a change – automatically records users,IPS tells you which user to make a change – automatically records users
BAA ALJs,Other shortcomings – slow,Other shortcomings – slow
BAA ALJs,"Dislike - Result – turns red, only opens up inspection, have to write down case number and search case","Dislike - Result – turns red, only opens up inspection, have to write down case number and search case"
BAA ALJs,Everything is called an inspection in the system – something to distinguish tickler dates from actual in person inspections,Everything is called an inspection in the system – something to distinguish tickler dates from actual in person inspections
BAA ALJs,Need inspection to mean actual investigation,Need inspection to mean actual investigation
BAA ALJs,educe use of windows – would be helpful.,educe use of windows – would be helpful.
BAA Clerks & Admin Aides,Would like to be able to add certain actions:,Would like to be able to add certain actions:
BAA Clerks & Admin Aides,Request for More Information Received,Request for More Information Received
BAA Clerks & Admin Aides,Request for More Information Sent,Request for More Information Sent
BAA Clerks & Admin Aides,Outstanding balance would be nice to be able to see at the top/property summary – filtering abilities,Outstanding balance would be nice to be able to see at the top/property summary – filtering abilities
BAA Clerks & Admin Aides,There are multiple rounds – fees are difficult to interpret,There are multiple rounds – fees are difficult to interpret
BAA Clerks & Admin Aides,Don’t sort by round,Don’t sort by round
BAA Clerks & Admin Aides,If multiple rounds and still unpaid would be easier they were grouped,If multiple rounds and still unpaid would be easier they were grouped
BAA Clerks & Admin Aides,Uses different platforms for addressing,Uses different platforms for addressing
BAA Clerks & Admin Aides,Water billing address or DOS NYS filing address,Water billing address or DOS NYS filing address
BAA Clerks & Admin Aides,Beacon Image Mate – shows when property sold,Beacon Image Mate – shows when property sold
BAA Clerks & Admin Aides,Sometimes Codes address doesn’t match what BAA has and it’s a back and forth,Sometimes Codes address doesn’t match what BAA has and it’s a back and forth
BAA Ops,Would be helpful to see what’s owed – summary at case and property level without having to click into each case – to quickly see which tickets still have fines,Would be helpful to see what’s owed – summary at case and property level without having to click into each case – to quickly see which tickets still have fines
BAA Ops,Likes MS Teams – makes it easier for hearings,Likes MS Teams – makes it easier for hearings
BAA Ops,Attorneys and inspectors respond quickly,Attorneys and inspectors respond quickly
BAA Ops,Would be helpful for notifications within IPS,Would be helpful for notifications within IPS
BAA Ops,Workflow – notify inspector of hearing date,Workflow – notify inspector of hearing date
BAA Ops,Helpful to be able to see inspector availability in Outlook – not all of them maintain it,Helpful to be able to see inspector availability in Outlook – not all of them maintain it
BAA Ops,"Constituent access – maybe not full access, but can see legal evidence they should have access to– public facing portal","Constituent access – maybe not full access, but can see legal evidence they should have access to– public facing portal"
BAA Ops,Ability to submit documents,Ability to submit documents
BAA Ops,File dispute on there,File dispute on there
BAA Ops,Can’t do appeals online – need to be certified mail,Can’t do appeals online – need to be certified mail
BAA Ops,When LLC calls to check on 20 properties – spend an hour finding information,When LLC calls to check on 20 properties – spend an hour finding information
BAA Ops,Ability to search by owner – they may call with address but not case number,Ability to search by owner – they may call with address but not case number
BAA Ops,Can’t search by ticket/violation number,Can’t search by ticket/violation number
BAA Ops,e.g. SyrNotify system – they have to add their own properties to subscribe to notifications for,e.g. SyrNotify system – they have to add their own properties to subscribe to notifications for
BAA Ops,Public facing portal – explains that they should contact DOCE for the violations and the BAA for the fine – that they’re too separate things – they don’t know who to talk to,Public facing portal – explains that they should contact DOCE for the violations and the BAA for the fine – that they’re too separate things – they don’t know who to talk to
BAA Ops,Issue with Code Enforcement – if someone calls and sees its with BAA – transfer to BAA even if the question is violation related,Issue with Code Enforcement – if someone calls and sees its with BAA – transfer to BAA even if the question is violation related
BAA Ops,Gets calls on BAA line – what's on the ticket,Gets calls on BAA line – what's on the ticket
BAA Ops,BAA ticket doesn’t have the Codes corrective action on there,BAA ticket doesn’t have the Codes corrective action on there
BAA Ops,Ability to batch add fees – have to add one-by-one,Ability to batch add fees – have to add one-by-one
BAA Supervisors & Admin Aide,Leah: Hearing/court system capabilities – ability for all parts of ticketing/adjudication process,Leah: Hearing/court system capabilities – ability for all parts of ticketing/adjudication process
BAA Supervisors & Admin Aide,Cecelia: Ability to link cases. Simple things like UI – if BAA inspections were a different color than Codes,Cecelia: Ability to link cases. Simple things like UI – if BAA inspections were a different color than Codes
BAA Supervisors & Admin Aide,Communication? Teams invite,Communication? Teams invite
BAA Supervisors & Admin Aide,Codes engagement in the hearing has changed – up to Ryan,Codes engagement in the hearing has changed – up to Ryan
BAA Supervisors & Admin Aide,He started requiring inspectors to come to hearings more recently,He started requiring inspectors to come to hearings more recently
BAA Supervisors & Admin Aide,If mechanism where Codes inspector would be required to do something within the software maybe they wouldn’t need to come every time,If mechanism where Codes inspector would be required to do something within the software maybe they wouldn’t need to come every time
BAA Supervisors & Admin Aide,"Either missing, or not providing a hearing appropriate update – maybe doesn’t include details of the PO communication or outstanding issue","Either missing, or not providing a hearing appropriate update – maybe doesn’t include details of the PO communication or outstanding issue"
BAA Supervisors & Admin Aide,"So many cases are getting dismissed – so Ryan deciding they are going to go the hearing (can be challenging, may interfere with their field work)","So many cases are getting dismissed – so Ryan deciding they are going to go the hearing (can be challenging, may interfere with their field work)"
BAA Supervisors & Admin Aide,Codes has started emailing Cecelia if there’s a case they want – deny the referral – if there was something in system so Codes can remove the referral that would be ideal,Codes has started emailing Cecelia if there’s a case they want – deny the referral – if there was something in system so Codes can remove the referral that would be ideal
BAA Supervisors & Admin Aide,May be quicker if tickets weren’t emailed,May be quicker if tickets weren’t emailed
BAA Supervisors & Admin Aide,Could submit request to dismiss/void - BAA doesn’t care as long,Could submit request to dismiss/void - BAA doesn’t care as long
BAA Supervisors & Admin Aide,Cecelia: schedule meeting for BAA actions*,Cecelia: schedule meeting for BAA actions*
CPC,Looking up of outstanding violations – if you have an account for a property – outstanding balance of every violation at the property level – make it obvious what is outstanding and help reduce,Looking up of outstanding violations – if you have an account for a property – outstanding balance of every violation at the property level – make it obvious what is outstanding and help reduce
CPC,Would mean they don’t have to look up each individual cases,Would mean they don’t have to look up each individual cases
CPC,IPS system – in AIMS – property owner has outstanding balance – can look under license plate – can see 10 ticket and total balance of each ticket (at a glance over view + ability to print account summary for property – which would list each individual ticket with the corresponding balance) – then click into each and see individual status of each ticket,IPS system – in AIMS – property owner has outstanding balance – can look under license plate – can see 10 ticket and total balance of each ticket (at a glance over view + ability to print account summary for property – which would list each individual ticket with the corresponding balance) – then click into each and see individual status of each ticket
CPC,Ties into main account – what's missing here – an account overview,Ties into main account – what's missing here – an account overview
CPC,Can also merge multiple license plates together – can merge contacts together,Can also merge multiple license plates together – can merge contacts together
CPC,At-a-glance/account summary – would be nice to have a cover sheet (still ability to drill down),At-a-glance/account summary – would be nice to have a cover sheet (still ability to drill down)
CPC,Fees outstanding- reliable number (total $$),Fees outstanding- reliable number (total $$)
CPC,If current RR or CC – when are they due for renewal?,If current RR or CC – when are they due for renewal?
CPC,Integrations? Viki: Thinks data imports can get confusing – prone to breaking,Integrations? Viki: Thinks data imports can get confusing – prone to breaking
CPC,Prefers for look ups to happen in system of record for eTax – accurate in eTax,Prefers for look ups to happen in system of record for eTax – accurate in eTax
CPC,One program that does everything – untenable,One program that does everything – untenable
CPC,"Hub for all municipal violations would make sense – e.g. parking, ISOs – AIMS?","Hub for all municipal violations would make sense – e.g. parking, ISOs – AIMS?"
CPC,"Cut/cleans, board ups, demos – spreadsheets","Cut/cleans, board ups, demos – spreadsheets"
CPC,Daily listing for cut/cleans - invoice,Daily listing for cut/cleans - invoice
CPC,If unpaid by Apr 1 – on taxes by May 20 (6 weeks to go through every spreadsheet),If unpaid by Apr 1 – on taxes by May 20 (6 weeks to go through every spreadsheet)
CPC,BAA spreadsheet on outstanding fines – first year they’ve done it,BAA spreadsheet on outstanding fines – first year they’ve done it
CPC,AIMS report for ISOs,AIMS report for ISOs
CPC,Municipal sidewalks,Municipal sidewalks
CPC,A lot of prep goes into doing tax bills,A lot of prep goes into doing tax bills
CPC,Add late charges to spreadsheet,Add late charges to spreadsheet
CPC,"Codes used to do all billing for cut/cleans, demos","Codes used to do all billing for cut/cleans, demos"
CPC,Centralized – sent to Brad – sent to Viki,Centralized – sent to Brad – sent to Viki
CPC,"Codes was using AS400 to keep all data – time consuming, duplication – worked with Mike and put together spreadsheet and that’s what they used","Codes was using AS400 to keep all data – time consuming, duplication – worked with Mike and put together spreadsheet and that’s what they used"
CPC,Future system – would be helpful to have invoice generation capability,Future system – would be helpful to have invoice generation capability
CPC,Software – automatically add late fee to outstanding BAA ticket – instead of CPC trying to locate – don't always know BAA balance is correct,Software – automatically add late fee to outstanding BAA ticket – instead of CPC trying to locate – don't always know BAA balance is correct
CPC,For tax search – 3-day deadline to get back to requestor – if BAA is out or unable to ask question,For tax search – 3-day deadline to get back to requestor – if BAA is out or unable to ask question
CPC,Mayberry RFD -,Mayberry RFD -
DOCE CPO Coordinators,Possible to add online scheduling for inspection – make date/times available of inspectors – would save so much work especially if integrating with Outlook,Possible to add online scheduling for inspection – make date/times available of inspectors – would save so much work especially if integrating with Outlook
DOCE CPO Coordinators,Would also force owners to schedule and not say couldn’t get in touch with CE (we email and call),Would also force owners to schedule and not say couldn’t get in touch with CE (we email and call)
DOCE CPO Coordinators,Automatic renewal letters/notices - add to print queue,Automatic renewal letters/notices - add to print queue
DOCE CPO Coordinators,1000 businesses that need a CofU – manual process for one person takes a lot of time,1000 businesses that need a CofU – manual process for one person takes a lot of time
DOCE CPO Coordinators,Camino applicants complain about the number of email notifications as well,Camino applicants complain about the number of email notifications as well
DOCE CPO Coordinators,No place in Camino for managing “due/past due” items,No place in Camino for managing “due/past due” items
DOCE CPO Coordinators,Not enough visual urgency in Camino – IPS better at that as long as tickle date set for yourself,Not enough visual urgency in Camino – IPS better at that as long as tickle date set for yourself
DOCE CPO Coordinators,Anticipate that things are going to run out of space,Anticipate that things are going to run out of space
DOCE CPO Coordinators,Think it’s going to be an issue for ROW as far as applicants,Think it’s going to be an issue for ROW as far as applicants
DOCE CPO Coordinators,Every submission starts with an address,Every submission starts with an address
DOCE CPO Coordinators,"If you’re in city ROW, tie to house","If you’re in city ROW, tie to house"
DOCE CPO Coordinators,For food vendors or peddler – don't know what address to put – not accurate to the address,For food vendors or peddler – don't know what address to put – not accurate to the address
DOCE CPO Coordinators,Put something under specific event e.g. Christmas tree lighting – right now all under different addresses,Put something under specific event e.g. Christmas tree lighting – right now all under different addresses
DOCE CPO Coordinators,"Or for businesses that tow within city but aren’t located in city, can’t use city address – can't move forward with application – doesn't work for a lot of the permits they do – can't do streets and sidewalks in only place he has record keeping (some level of that in IPS – didn't have to tie things to a parcel)","Or for businesses that tow within city but aren’t located in city, can’t use city address – can't move forward with application – doesn't work for a lot of the permits they do – can't do streets and sidewalks in only place he has record keeping (some level of that in IPS – didn't have to tie things to a parcel)"
DOCE CPO Coordinators,Camino running out of space – just had to up space,Camino running out of space – just had to up space
DOCE CPO Coordinators,New weekly task for staff to clean out of ‘unsubmitted’ tasks,New weekly task for staff to clean out of ‘unsubmitted’ tasks
DOCE CPO Coordinators,"Camino – applicants that pay and don’t fill out the application or don’t submit, or complete the full application but don’t submit","Camino – applicants that pay and don’t fill out the application or don’t submit, or complete the full application but don’t submit"
DOCE CPO Coordinators,"Camino breaks at least once a week – applicants can’t submit anything – or can’t see document upload, or things that used to be in system","Camino breaks at least once a week – applicants can’t submit anything – or can’t see document upload, or things that used to be in system"
DOCE CPO Coordinators,New cert just stopped working,New cert just stopped working
DOCE CPO Coordinators,Things break and can’t figure out what happened,Things break and can’t figure out what happened
DOCE Housing Inspectors,Going out to house where dog issues or tenant or PO combative – county system would,Going out to house where dog issues or tenant or PO combative – county system would
DOCE Housing Inspectors,Info that would stick with the person,Info that would stick with the person
DOCE Housing Inspectors,Or rough consistently leaking – snapshot of what happens,Or rough consistently leaking – snapshot of what happens
DOCE Housing Inspectors,Notes on each individual case – get buried,Notes on each individual case – get buried
DOCE Housing Inspectors,Tag property owners and tenants separately – flag it if a tenant moves to another property or if PO has multiple BAA cases/never fixes anything,Tag property owners and tenants separately – flag it if a tenant moves to another property or if PO has multiple BAA cases/never fixes anything
DOCE Housing Inspectors,Issue with admin aides reading internal notes to PO,Issue with admin aides reading internal notes to PO
DOCE Housing Inspectors,"Would like to see more stats – cases without inspection dates, or cases set to Need Review","Would like to see more stats – cases without inspection dates, or cases set to Need Review"
DOCE Housing Inspectors,X cases in BAA,X cases in BAA
DOCE Housing Inspectors,X amount of open cases,X amount of open cases
DOCE Housing Inspectors,Sometimes waiting,Sometimes waiting
DOCE Housing Inspectors,Generally IPS pretty is good,Generally IPS pretty is good
DOCE Housing Inspectors,"Takes some time to get use to, but gets faster ~6months to a year to get used to","Takes some time to get use to, but gets faster ~6months to a year to get used to"
DOCE Housing Inspectors,Some things should be auto-populated,Some things should be auto-populated
DOCE Housing Inspectors,Not any training materials,Not any training materials
DOCE Housing Inspectors,Did get some trainings when restarting VPR,Did get some trainings when restarting VPR
DOCE Housing Inspectors,Could do new complaint walk through for new guy,Could do new complaint walk through for new guy
DOCE Housing Inspectors,Did materials for Camino,Did materials for Camino
DOCE Housing Inspectors,Struggling with Camino,Struggling with Camino
DOCE Zoning,Post session discussion with Jake:,Post session discussion with Jake:
DOCE Zoning,Not opposed to considering a system that involves Permits if that’s what’s needed,Not opposed to considering a system that involves Permits if that’s what’s needed
DOCE Zoning,Permit inspectors do make up a smaller portion of overall inspector staff,Permit inspectors do make up a smaller portion of overall inspector staff
DOCE Zoning,"Didn’t come up, but also so much in CE related to tax status check, water billing, etc., other addresses","Didn’t come up, but also so much in CE related to tax status check, water billing, etc., other addresses"
DOCE Zoning,"Looking at/searching contractor information – Camino doesn’t do well, IPS has some capabilities","Looking at/searching contractor information – Camino doesn’t do well, IPS has some capabilities"
DOCE Zoning,Kelsey was convinced CRM was the solution for CE,Kelsey was convinced CRM was the solution for CE
DOCE Zoning,People component is important for lead enforcement,People component is important for lead enforcement
External OCHD,Ideally cloud based system with ability to host multiples users simultaneously,Ideally cloud based system with ability to host multiples users simultaneously
External OCHD,"Ideally would be great if system listed commonly used reports with ability to put in parameters of query, prompt for 3-4 things. Dashboard would be helpful","Ideally would be great if system listed commonly used reports with ability to put in parameters of query, prompt for 3-4 things. Dashboard would be helpful"
External OCHD,Have record information and links to open complaints for that record,Have record information and links to open complaints for that record
External OCHD,"Possible to build in links to other information about the property? Hyperlink to other parts of the record e.g. sometimes see property is in Land Bank phase; water billing info; or highlight that a PO has  designated a family member as responsible; special characteristics of property e.g. historic property, or in a flood plain with ability to search by attributes as well as view those attributes on a property – use case example: if targeting grants on SHPO properties","Possible to build in links to other information about the property? Hyperlink to other parts of the record e.g. sometimes see property is in Land Bank phase; water billing info; or highlight that a PO has designated a family member as responsible; special characteristics of property e.g. historic property, or in a flood plain with ability to search by attributes as well as view those attributes on a property – use case example: if targeting grants on SHPO properties"
External OCHD,"GIS mapping? Deb: Mapping is tricky have to protect identity of people associated with property, violation mapping would be different story","GIS mapping? Deb: Mapping is tricky have to protect identity of people associated with property, violation mapping would be different story"
External OCHD,"Would be wonderful for county to be able to view AS400 water billing records, read-only","Would be wonderful for county to be able to view AS400 water billing records, read-only"
External OCHD,"Easier way to share documents and photos instead of cluttering email - right now, if remoted in, Deb has to access city One Drive, attach from there, don’t bother with it most of the time because cumbersome/time consuming","Easier way to share documents and photos instead of cluttering email - right now, if remoted in, Deb has to access city One Drive, attach from there, don’t bother with it most of the time because cumbersome/time consuming"
IT,Auditing capabilities,Auditing capabilities
IT,Public facing view/access,Public facing view/access
IT,Ability to directly schedule inspections,Ability to directly schedule inspections
IT,Contest BAA tickets,Contest BAA tickets
IT,Report if trash already cleaned up,Report if trash already cleaned up
IT,Scott: Single sign on – control access through your own identity system – most important from IT perspective,Scott: Single sign on – control access through your own identity system – most important from IT perspective
IT,Can whitelist IPs for tablets,Can whitelist IPs for tablets
IT,Vinny: GIS integrations,Vinny: GIS integrations
IT,Integration with CPC?,Integration with CPC?
IT,CPC processing payments and updating fees for BAA tickets,CPC processing payments and updating fees for BAA tickets
IT,Payments for RR/CC applications occur in Camino – would intake move to future CE platform?,Payments for RR/CC applications occur in Camino – would intake move to future CE platform?
IT,Stan: What’s always come up related to that question is multiple entrypoints for payments – not ideal,Stan: What’s always come up related to that question is multiple entrypoints for payments – not ideal
IT,BAA – court management system – how relevant is ticket round to codes? Very interconnected,BAA – court management system – how relevant is ticket round to codes? Very interconnected
NBD Internal,Minimize windows – would be helpful.,Minimize windows – would be helpful.
NBD Kate,Abitility of better address look up. eg. Don’t have address then look up street then narrow down to the right property.,Abitility of better address look up. eg. Don’t have address then look up street then narrow down to the right property.
NBD Kate,We need to know ownership and ownership history.,We need to know ownership and ownership history.
NBD Kate,"We should have full inventory of images of every property and do that as a census, it will be really valuable info. IPS would be good place to park that. City should have something like street image.","We should have full inventory of images of every property and do that as a census, it will be really valuable info. IPS would be good place to park that. City should have something like street image."
NBD Kate,Final Thoughts:,Final Thoughts:
NBD Kate,Where does the historical records are store? Camino – if I open address can I see all these things that IPS used to handle.,Where does the historical records are store? Camino – if I open address can I see all these things that IPS used to handle.
NBD Kate,"Repository of history of properties would be great data source, when did something happen, what happen could be told by the pictures.","Repository of history of properties would be great data source, when did something happen, what happen could be told by the pictures."
NBD Neighborhood Planning,Madison: Selecting from drop-down for referrals (referred from) - for referral types (which agency they came from) and making a required field – data validation,Madison: Selecting from drop-down for referrals (referred from) - for referral types (which agency they came from) and making a required field – data validation
NBD Neighborhood Planning,System for DSS resettlement referrals – would be helpful to have documented which agency placed them within the system – would be great to be all in one place to track more regularly,System for DSS resettlement referrals – would be helpful to have documented which agency placed them within the system – would be great to be all in one place to track more regularly
NBD Neighborhood Planning,Set up ambassador referrals externally – when DSS case is inputted,Set up ambassador referrals externally – when DSS case is inputted
NBD Neighborhood Planning,"Kaylin: Loves IPS generally, only pain point is manual data entry (having to pay for bulk updates through vendor)","Kaylin: Loves IPS generally, only pain point is manual data entry (having to pay for bulk updates through vendor)"
NBD Neighborhood Planning,Cimone: System that comes with video trainings. Sometimes we have interns to do data entry – lots of time to explain it,Cimone: System that comes with video trainings. Sometimes we have interns to do data entry – lots of time to explain it
NBD Neighborhood Planning,Viewing eTax amounts would be helpful – would need to be daily,Viewing eTax amounts would be helpful – would need to be daily
NBD Neighborhood Planning,"Tax trust, county compromise agreements – legal stuff we have no insight into would be helpful to see","Tax trust, county compromise agreements – legal stuff we have no insight into would be helpful to see"
NBD Neighborhood Planning,Also at will of Law for them to enter in eTax in the first place – more of an FP process,Also at will of Law for them to enter in eTax in the first place – more of an FP process
NBD Neighborhood Planning,Ideally a unified location for that,Ideally a unified location for that
NBD Neighborhood Planning,Bankruptcy info is another one we don’t have great visibility into – typically updated in eTax,Bankruptcy info is another one we don’t have great visibility into – typically updated in eTax
NBD Neighborhood Planning,Madison: View street/houses nearby,Madison: View street/houses nearby
NBD Neighborhood Planning,"Ability see # of vacants, # tax delinquent properties in different quadrants - could be helpful planning tool","Ability see # of vacants, # tax delinquent properties in different quadrants - could be helpful planning tool"
NBD Neighborhood Planning,Expanding to include spatial element – move toward more of proactive model,Expanding to include spatial element – move toward more of proactive model
NBD Neighborhood Planning,Other tools:,Other tools:
NBD Neighborhood Planning,"ArcGIS, Google Maps, eTax, County Clerk database, AS400, eTax, RStudio (report pulling, QPD production)","ArcGIS, Google Maps, eTax, County Clerk database, AS400, eTax, RStudio (report pulling, QPD production)"
NBD Neighborhood Planning,Process mapping – could be helpful to bring this to NBD Quarterly,Process mapping – could be helpful to bring this to NBD Quarterly
NBD Neighborhood Planning,Madison will share ERP process map,Madison will share ERP process map
NBD Neighborhood Planning,Suinana – Cityline process mapping could be shared,Suinana – Cityline process mapping could be shared
